tweet,sentiment
pake hp xiaomi,Positive
xiaomi yi action kamera bagus video jadi timbang nihhh,Positive
ya allah jauh goda clickbait line today beritaberita browser xiaomi,Positive
hpmu opo sawangane jernih koyok iph xiaomi euy,Positive
numpang nanya hapenya xiaomi ya kalo iya tipe jernih kamera iphone,Positive
bahagia hape xiaomi remote apa hahahaha,Positive
pb nya xiaomi awet wet wet wetttttt,Positive
bantu jelasin lg niat beli xiaomi niih nyesel,Positive
gppkok tp kalo hp ip trs tema xiaomi kaya langgar ham,Positive
hp xiaomi tema iphone dosa gak sih,Positive
pake hp xiaomi memory internal full,Positive
apple xiaomi gue barusan liat reddit sih bay langsung googling eh apple liat xiaomi gila sih kmrn sempet shock harga kualitas wuling,Positive
flash sale fokus yg bundling hansdfree bro gpp mahal dikit hari nyampe pdhl cimahi peluang dapetnya lumayan,Positive
xiaomi aja deh mas,Positive
astaga tuh mba temen tingkat mba pakai xiaomi aja lumayan pakai oppo,Negative
oppo vivo komisi gede pengaruh harga produk mahal sampe tau blom yg murah dr xiaomi cmiiw,Positive
efek perang dagang ganti pake xiaomi,Positive
dih muka tidak ren tingkat pakai hp xiaomi,Positive
nunggu super charge turbo ya xiaomi dah,Positive
ooo nova hahaha galau xiaomi huawei xiaomi militan deh mendewadewakan mi gitu whaha,Positive
tau gue kalo xiaomi yg garansi resmi indo emng gak dpt update gitu sih pictwittercomolllwnkjqd,Positive
gapernah tarik hp xiaomi td pas giur beli ku langsung gmau noleh iphone pdhl niat pgn beli iphone dah,Positive
xiaomi cantik banget,Positive
xiaomi aja beb,Positive
xiaomi mi keren bat dah,Positive
xiaomi nggak rekomen,Negative
atur bantu yak pake hape xiaomi nyalain ac awkwkw,Positive
,Positive
hmm tidak coba harga murah xiaomi sih,Positive
fitur location gak dipake sy pake device xiaomi redmi note,Negative
nih xiaomi mas wkwk pen gua jual kaya,Negative
mantap,Positive
xiaomi lu ye gak hahaha,Negative
gamau xiaomi kak,Negative
xiaomi oppo sebenere ga produksi hp sing layare inch aja yg ram keren hp inch ram dst,Negative
menengo timbang hek akun yog iso nguripi ac nggawe hp xiaomi wes an,Positive
klo xiaomi maklum kaya gitu klo samsung perfect after sale nya mahal huahahahaha,Negative
keinget xiaomi tes jerry patah anjirr,Negative
udah free dengerinnya pakai xiaomi hhhh,Positive
kalo xiaomi maklum dalih teknologi butuh sempurna hal memaklumin xiaomi ga jual flagship indonesia nya masuk,Negative
langsung beli sepatu gucci supreme xiaomi,Positive
edannn,Positive
tinggal beli hp xiaomi aja om wkwkw,Positive
hape xiaomi jg kebel,Positive
kalo hape xiaomi pake komponen buat samsung sensor kamera memory layar amoled kelas flagship kalo hape xiaomi yg kandung samsung nya mesti coret,Negative
yg pntg beli hape xiaomi push rank dy mah hihi,Positive
apple xiaomi,Negative
pake xiaomi aki kering mantap tuh,Positive
coba kalo pake hp xiaomi buka app remot arahin kelangitatur suhu,Positive
xiaomi user sindir yh,Positive
upgrade iphone kek gua duluoverheat alih xiaomi,Positive
murah xiaomi sabi sih bin liat udah make,Positive
samsung engga xiaomi ajaaaa,Positive
xiaomi apa gw males lock screen hp pictwittercom,Positive
ok mantab xiaomi qu tunggu shopee nya,Positive
mending xiaomi yg murah aja nder,Positive
bom kalo yg xiaomi suara cempreng bgt,Negative
xiaomi gue pake lenovo aja bagus kalo pas siang sore dikit jelang malam udah tahan,Positive
klo malem emang amsyong dah kamera kalo cahaya yg oke sih kamera hp xiaomi,Positive
ken beli hape xiaomi remot tv,Positive
iyaa emang wkwkw night mode hape oppo vivo huawei xiaomi model,Positive
rhixhxycky walopun hapenya xiaomi tp tetep hot ya,Negative
wkwk gatau kamera kaya gitu xiaomi,Positive
xiaomi pocophone realme pro kalo image stabilizer mah bagus samsung kalo sih google pixel yg bekaas,Negative
one plus xiaomi,Positive
spek xiaomi tu beza oneplus,Positive
iphone samsung xiaomi hah lewattt,Negative
kemresek pake xiaomi,Negative
iya gmn ya xiaomi mah msh mnding yg jual case bening hp ku case bening ae kg onok anying gmn sih pk case bonus bli hp doang,Positive
pake samsung asus xiaomi mas beda perspektif mas kalo mas pake android enak yaudah,Positive
quick ball xiaomi multifungsi banget tau kalo matiin handphone mencet tombol samping biar gak gampang tenggelam gitu tombol bestlah,Positive
cari case xiaomi susah bgt si yg bagus ip oppo,Negative
xiaomi mana,Positive
xiaomi note gua udah tahun gk gantung guna org aja lgi,Positive
oppo cuman xiaomi,Positive
ciee xiaomi,Positive
ehh xiaomi wkwk,Positive
beli kamera cctv xiaomi coba masukin microsdnya kyknya microsdnya retak pdhl beli banget alhasil microsdnya gosong trus lobang microsdnya sumbat,Negative
pake player nderrr gacuman xiaomi sih oppo,Positive
ga pake xiaomi temen muka jd tirus banget pdhal ga tirus,Negative
xiaomi krn diendorse jeket wkwk lg pake mi udah tp bagus hpnya battery kuat processor ok jarang lag kamera aja display terang worth it kalo skrng mi yg rilis,Positive
jelek bgt kalo foto sun kissed pake xiaomi burek ajg,Negative
engineer nya xiaomi sih ya sampe kalo beli hp android mandangnya cm xiaomi aja,Positive
rpl sorry rl yg pake xiaomi note klo udh lock screen lampu indikator kedip ga,Negative
ak pake iphone pake xiaomi pake samsung ga ubah tetep over hari,Negative
nahtuh kalo xiaomi seri bagus,Positive
yaampun sygbgt lo pake xiaomi bukansih bukanna micloud ya,Positive
abis redmi yg harga murah spek xiaomi emang suka gin,Negative
kek gantung brandnya typenya sih gannn ho cina emang ga keluarin headset xiaomiredmi,Negative
xiaomi bgttt niihhh mwhehehe,Positive
hape gw aja xiaomi taek kwkwkwkwkwkk,Negative
mending beli xiaomi aja coba cari harga pada,Positive
pakek hp kalo km taut akun google cr aja playstore google find device tinggal login pake email mu yg taut hp km pakek hp xiaomi pasti km pakek mi akun udah aktif find device buka,Positive
gaya beli iphone xr duit beli xiaomi oh,Negative
xiaomi gak,Positive
pake xiaomi mayan awet,Positive
xiaomi bagus ka hehe,Positive
kalo xiaomi screen record wkwkwk,Positive
bgst nanya yg xiaomi mi susah cari sinyal ga semenjak update patch juni,Negative
hp gitu xiaomi ga sampe konter ku cari google alhamdulillah tau bootlop nder kalo bootlop gausah konter sayang uang,Negative
kalo xiaomi note yg ga finger print jarang bgt,Positive
