tweet,sentiment,pos_tags,nouns
pake hp xiaomi,Positive,"[('pake', 'FW'), ('hp', 'FW'), ('xiaomi', 'NN')]",xiaomi
xiaomi yi action kamera bagus video jadi timbang nihhh,Positive,"[('xiaomi', 'NN'), ('yi', 'NN'), ('action', 'NN'), ('kamera', 'NN'), ('bagus', 'JJ'), ('video', 'NN'), ('jadi', 'VB'), ('timbang', 'NN'), ('nihhh', 'JJ')]",xiaomi yi action kamera video timbang
ya allah jauh goda clickbait line today beritaberita browser xiaomi,Positive,"[('ya', 'NN'), ('allah', 'NN'), ('jauh', 'JJ'), ('goda', 'VB'), ('clickbait', 'VB'), ('line', 'FW'), ('today', 'FW'), ('beritaberita', 'FW'), ('browser', 'FW'), ('xiaomi', 'NN')]",ya allah xiaomi
hpmu opo sawangane jernih koyok iph xiaomi euy,Positive,"[('hpmu', 'VB'), ('opo', 'FW'), ('sawangane', 'FW'), ('jernih', 'FW'), ('koyok', 'FW'), ('iph', 'FW'), ('xiaomi', 'NN'), ('euy', 'FW')]",xiaomi
numpang nanya hapenya xiaomi ya kalo iya tipe jernih kamera iphone,Positive,"[('numpang', 'NN'), ('nanya', 'RB'), ('hapenya', 'VB'), ('xiaomi', 'NN'), ('ya', 'NN'), ('kalo', 'NN'), ('iya', 'NN'), ('tipe', 'FW'), ('jernih', 'FW'), ('kamera', 'FW'), ('iphone', 'FW')]",numpang xiaomi ya kalo iya
bahagia hape xiaomi remote apa hahahaha,Positive,"[('bahagia', 'NN'), ('hape', 'NN'), ('xiaomi', 'NN'), ('remote', 'FW'), ('apa', 'WH'), ('hahahaha', 'NN')]",bahagia hape xiaomi hahahaha
pb nya xiaomi awet wet wet wetttttt,Positive,"[('pb', 'NN'), ('nya', 'NN'), ('xiaomi', 'NN'), ('awet', 'FW'), ('wet', 'FW'), ('wet', 'FW'), ('wetttttt', 'FW')]",pb nya xiaomi
bantu jelasin lg niat beli xiaomi niih nyesel,Positive,"[('bantu', 'VB'), ('jelasin', 'NN'), ('lg', 'NN'), ('niat', 'NN'), ('beli', 'VB'), ('xiaomi', 'NN'), ('niih', 'NN'), ('nyesel', 'NNP')]",jelasin lg niat xiaomi niih nyesel
gppkok tp kalo hp ip trs tema xiaomi kaya langgar ham,Positive,"[('gppkok', 'NN'), ('tp', 'FW'), ('kalo', 'FW'), ('hp', 'FW'), ('ip', 'FW'), ('trs', 'FW'), ('tema', 'NN'), ('xiaomi', 'NN'), ('kaya', 'JJ'), ('langgar', 'SC'), ('ham', 'VB')]",gppkok tema xiaomi
hp xiaomi tema iphone dosa gak sih,Positive,"[('hp', 'NN'), ('xiaomi', 'NN'), ('tema', 'NN'), ('iphone', 'NN'), ('dosa', 'NN'), ('gak', 'NN'), ('sih', 'JJ')]",hp xiaomi tema iphone dosa gak
pake hp xiaomi memory internal full,Positive,"[('pake', 'FW'), ('hp', 'FW'), ('xiaomi', 'NN'), ('memory', 'FW'), ('internal', 'FW'), ('full', 'FW')]",xiaomi
apple xiaomi gue barusan liat reddit sih bay langsung googling eh apple liat xiaomi gila sih kmrn sempet shock harga kualitas wuling,Positive,"[('apple', 'FW'), ('xiaomi', 'NN'), ('gue', 'FW'), ('barusan', 'NN'), ('liat', 'NN'), ('reddit', 'NN'), ('sih', 'FW'), ('bay', 'FW'), ('langsung', 'RB'), ('googling', 'FW'), ('eh', 'FW'), ('apple', 'FW'), ('liat', 'NN'), ('xiaomi', 'NN'), ('gila', 'SC'), ('sih', 'VB'), ('kmrn', 'FW'), ('sempet', 'FW'), ('shock', 'FW'), ('harga', 'NN'), ('kualitas', 'NN'), ('wuling', 'FW')]",xiaomi barusan liat reddit liat xiaomi harga kualitas
flash sale fokus yg bundling hansdfree bro gpp mahal dikit hari nyampe pdhl cimahi peluang dapetnya lumayan,Positive,"[('flash', 'FW'), ('sale', 'FW'), ('fokus', 'FW'), ('yg', 'FW'), ('bundling', 'FW'), ('hansdfree', 'FW'), ('bro', 'FW'), ('gpp', 'FW'), ('mahal', 'FW'), ('dikit', 'FW'), ('hari', 'NN'), ('nyampe', 'FW'), ('pdhl', 'FW'), ('cimahi', 'VB'), ('peluang', 'NN'), ('dapetnya', 'RB'), ('lumayan', 'JJ')]",hari peluang
xiaomi aja deh mas,Positive,"[('xiaomi', 'NN'), ('aja', 'NN'), ('deh', 'MD'), ('mas', 'VB')]",xiaomi aja
astaga tuh mba temen tingkat mba pakai xiaomi aja lumayan pakai oppo,Negative,"[('astaga', 'NN'), ('tuh', 'VB'), ('mba', 'NN'), ('temen', 'NN'), ('tingkat', 'NN'), ('mba', 'NN'), ('pakai', 'VB'), ('xiaomi', 'NN'), ('aja', 'NN'), ('lumayan', 'NN'), ('pakai', 'VB'), ('oppo', 'NNP')]",astaga mba temen tingkat mba xiaomi aja lumayan oppo
oppo vivo komisi gede pengaruh harga produk mahal sampe tau blom yg murah dr xiaomi cmiiw,Positive,"[('oppo', 'NN'), ('vivo', 'NN'), ('komisi', 'NN'), ('gede', 'NN'), ('pengaruh', 'NN'), ('harga', 'NN'), ('produk', 'NN'), ('mahal', 'FW'), ('sampe', 'FW'), ('tau', 'FW'), ('blom', 'FW'), ('yg', 'FW'), ('murah', 'JJ'), ('dr', 'NN'), ('xiaomi', 'NN'), ('cmiiw', 'FW')]",oppo vivo komisi gede pengaruh harga produk dr xiaomi
efek perang dagang ganti pake xiaomi,Positive,"[('efek', 'NN'), ('perang', 'NN'), ('dagang', 'NN'), ('ganti', 'NN'), ('pake', 'NN'), ('xiaomi', 'NN')]",efek perang dagang ganti pake xiaomi
dih muka tidak ren tingkat pakai hp xiaomi,Positive,"[('dih', 'MD'), ('muka', 'VB'), ('tidak', 'NEG'), ('ren', 'NN'), ('tingkat', 'NN'), ('pakai', 'VB'), ('hp', 'NN'), ('xiaomi', 'NN')]",ren tingkat hp xiaomi
nunggu super charge turbo ya xiaomi dah,Positive,"[('nunggu', 'VB'), ('super', 'FW'), ('charge', 'FW'), ('turbo', 'FW'), ('ya', 'NN'), ('xiaomi', 'NN'), ('dah', 'JJ')]",ya xiaomi
ooo nova hahaha galau xiaomi huawei xiaomi militan deh mendewadewakan mi gitu whaha,Positive,"[('ooo', 'NN'), ('nova', 'NN'), ('hahaha', 'NN'), ('galau', 'SC'), ('xiaomi', 'NN'), ('huawei', 'NN'), ('xiaomi', 'NN'), ('militan', 'JJ'), ('deh', 'MD'), ('mendewadewakan', 'VB'), ('mi', 'NN'), ('gitu', 'SC'), ('whaha', 'VB')]",ooo nova hahaha xiaomi huawei xiaomi mi
tau gue kalo xiaomi yg garansi resmi indo emng gak dpt update gitu sih pictwittercomolllwnkjqd,Positive,"[('tau', 'FW'), ('gue', 'FW'), ('kalo', 'FW'), ('xiaomi', 'NN'), ('yg', 'NN'), ('garansi', 'NN'), ('resmi', 'JJ'), ('indo', 'FW'), ('emng', 'FW'), ('gak', 'FW'), ('dpt', 'FW'), ('update', 'FW'), ('gitu', 'FW'), ('sih', 'FW'), ('pictwittercomolllwnkjqd', 'FW')]",xiaomi yg garansi
gapernah tarik hp xiaomi td pas giur beli ku langsung gmau noleh iphone pdhl niat pgn beli iphone dah,Positive,"[('gapernah', 'MD'), ('tarik', 'VB'), ('hp', 'NN'), ('xiaomi', 'NN'), ('td', 'NN'), ('pas', 'NN'), ('giur', 'NN'), ('beli', 'VB'), ('ku', 'NN'), ('langsung', 'RB'), ('gmau', 'VB'), ('noleh', 'IN'), ('iphone', 'FW'), ('pdhl', 'FW'), ('niat', 'FW'), ('pgn', 'FW'), ('beli', 'VB'), ('iphone', 'FW'), ('dah', 'FW')]",hp xiaomi td pas giur ku
xiaomi cantik banget,Positive,"[('xiaomi', 'NN'), ('cantik', 'NN'), ('banget', 'NN')]",xiaomi cantik banget
xiaomi aja beb,Positive,"[('xiaomi', 'NN'), ('aja', 'NN'), ('beb', 'NNP')]",xiaomi aja beb
xiaomi mi keren bat dah,Positive,"[('xiaomi', 'NN'), ('mi', 'NN'), ('keren', 'NN'), ('bat', 'NN'), ('dah', 'JJ')]",xiaomi mi keren bat
xiaomi nggak rekomen,Negative,"[('xiaomi', 'NN'), ('nggak', 'NN'), ('rekomen', 'NN')]",xiaomi nggak rekomen
atur bantu yak pake hape xiaomi nyalain ac awkwkw,Positive,"[('atur', 'NN'), ('bantu', 'FW'), ('yak', 'FW'), ('pake', 'FW'), ('hape', 'FW'), ('xiaomi', 'NN'), ('nyalain', 'FW'), ('ac', 'FW'), ('awkwkw', 'FW')]",atur xiaomi
,Positive,"[('nan', 'NN')]",nan
hmm tidak coba harga murah xiaomi sih,Positive,"[('hmm', 'NN'), ('tidak', 'NEG'), ('coba', 'VB'), ('harga', 'NN'), ('murah', 'JJ'), ('xiaomi', 'NN'), ('sih', 'JJ')]",hmm harga xiaomi
fitur location gak dipake sy pake device xiaomi redmi note,Negative,"[('fitur', 'NN'), ('location', 'FW'), ('gak', 'FW'), ('dipake', 'FW'), ('sy', 'FW'), ('pake', 'FW'), ('device', 'FW'), ('xiaomi', 'NN'), ('redmi', 'NN'), ('note', 'FW')]",fitur xiaomi redmi
nih xiaomi mas wkwk pen gua jual kaya,Negative,"[('nih', 'VB'), ('xiaomi', 'NN'), ('mas', 'NN'), ('wkwk', 'NN'), ('pen', 'NN'), ('gua', 'CD'), ('jual', 'NN'), ('kaya', 'JJ')]",xiaomi mas wkwk pen jual
mantap,Positive,"[('mantap', 'RB')]",
xiaomi lu ye gak hahaha,Negative,"[('xiaomi', 'NN'), ('lu', 'NN'), ('ye', 'NN'), ('gak', 'NN'), ('hahaha', 'NN')]",xiaomi lu ye gak hahaha
gamau xiaomi kak,Negative,"[('gamau', 'NN'), ('xiaomi', 'NN'), ('kak', 'NN')]",gamau xiaomi kak
xiaomi oppo sebenere ga produksi hp sing layare inch aja yg ram keren hp inch ram dst,Negative,"[('xiaomi', 'NN'), ('oppo', 'FW'), ('sebenere', 'FW'), ('ga', 'NN'), ('produksi', 'NN'), ('hp', 'FW'), ('sing', 'FW'), ('layare', 'FW'), ('inch', 'FW'), ('aja', 'FW'), ('yg', 'FW'), ('ram', 'FW'), ('keren', 'FW'), ('hp', 'FW'), ('inch', 'FW'), ('ram', 'FW'), ('dst', 'FW')]",xiaomi ga produksi
menengo timbang hek akun yog iso nguripi ac nggawe hp xiaomi wes an,Positive,"[('menengo', 'NN'), ('timbang', 'NN'), ('hek', 'NN'), ('akun', 'FW'), ('yog', 'FW'), ('iso', 'FW'), ('nguripi', 'FW'), ('ac', 'FW'), ('nggawe', 'FW'), ('hp', 'FW'), ('xiaomi', 'NN'), ('wes', 'FW'), ('an', 'FW')]",menengo timbang hek xiaomi
klo xiaomi maklum kaya gitu klo samsung perfect after sale nya mahal huahahahaha,Negative,"[('klo', 'NN'), ('xiaomi', 'NN'), ('maklum', 'NEG'), ('kaya', 'JJ'), ('gitu', 'SC'), ('klo', 'FW'), ('samsung', 'FW'), ('perfect', 'FW'), ('after', 'FW'), ('sale', 'FW'), ('nya', 'NN'), ('mahal', 'JJ'), ('huahahahaha', 'NN')]",klo xiaomi nya huahahahaha
keinget xiaomi tes jerry patah anjirr,Negative,"[('keinget', 'NN'), ('xiaomi', 'NN'), ('tes', 'FW'), ('jerry', 'FW'), ('patah', 'FW'), ('anjirr', 'FW')]",keinget xiaomi
udah free dengerinnya pakai xiaomi hhhh,Positive,"[('udah', 'JJ'), ('free', 'FW'), ('dengerinnya', 'RB'), ('pakai', 'VB'), ('xiaomi', 'NN'), ('hhhh', 'JJ')]",xiaomi
kalo xiaomi maklum dalih teknologi butuh sempurna hal memaklumin xiaomi ga jual flagship indonesia nya masuk,Negative,"[('kalo', 'NN'), ('xiaomi', 'NN'), ('maklum', 'SC'), ('dalih', 'VB'), ('teknologi', 'NN'), ('butuh', 'VB'), ('sempurna', 'NN'), ('hal', 'NN'), ('memaklumin', 'NN'), ('xiaomi', 'NN'), ('ga', 'NN'), ('jual', 'VB'), ('flagship', 'NN'), ('indonesia', 'NN'), ('nya', 'PRP'), ('masuk', 'VB')]",kalo xiaomi teknologi sempurna hal memaklumin xiaomi ga flagship indonesia
langsung beli sepatu gucci supreme xiaomi,Positive,"[('langsung', 'RB'), ('beli', 'VB'), ('sepatu', 'CD'), ('gucci', 'NN'), ('supreme', 'NN'), ('xiaomi', 'NN')]",gucci supreme xiaomi
edannn,Positive,"[('edannn', 'NN')]",edannn
tinggal beli hp xiaomi aja om wkwkw,Positive,"[('tinggal', 'VB'), ('beli', 'VB'), ('hp', 'NN'), ('xiaomi', 'NN'), ('aja', 'NN'), ('om', 'FW'), ('wkwkw', 'FW')]",hp xiaomi aja
hape xiaomi jg kebel,Positive,"[('hape', 'NN'), ('xiaomi', 'NN'), ('jg', 'FW'), ('kebel', 'FW')]",hape xiaomi
kalo hape xiaomi pake komponen buat samsung sensor kamera memory layar amoled kelas flagship kalo hape xiaomi yg kandung samsung nya mesti coret,Negative,"[('kalo', 'NN'), ('hape', 'NN'), ('xiaomi', 'NN'), ('pake', 'NN'), ('komponen', 'NN'), ('buat', 'JJ'), ('samsung', 'VB'), ('sensor', 'NN'), ('kamera', 'NN'), ('memory', 'FW'), ('layar', 'FW'), ('amoled', 'FW'), ('kelas', 'FW'), ('flagship', 'FW'), ('kalo', 'FW'), ('hape', 'FW'), ('xiaomi', 'NN'), ('yg', 'NN'), ('kandung', 'VB'), ('samsung', 'NN'), ('nya', 'PRP'), ('mesti', 'MD'), ('coret', 'VB')]",kalo hape xiaomi pake komponen sensor kamera xiaomi yg samsung
yg pntg beli hape xiaomi push rank dy mah hihi,Positive,"[('yg', 'NN'), ('pntg', 'NN'), ('beli', 'VB'), ('hape', 'NN'), ('xiaomi', 'NN'), ('push', 'FW'), ('rank', 'FW'), ('dy', 'FW'), ('mah', 'NN'), ('hihi', 'VB')]",yg pntg hape xiaomi mah
apple xiaomi,Negative,"[('apple', 'FW'), ('xiaomi', 'NN')]",xiaomi
pake xiaomi aki kering mantap tuh,Positive,"[('pake', 'NN'), ('xiaomi', 'NN'), ('aki', 'VB'), ('kering', 'NN'), ('mantap', 'RB'), ('tuh', 'VB')]",pake xiaomi kering
coba kalo pake hp xiaomi buka app remot arahin kelangitatur suhu,Positive,"[('coba', 'VB'), ('kalo', 'FW'), ('pake', 'FW'), ('hp', 'FW'), ('xiaomi', 'NN'), ('buka', 'VB'), ('app', 'FW'), ('remot', 'FW'), ('arahin', 'FW'), ('kelangitatur', 'FW'), ('suhu', 'FW')]",xiaomi
xiaomi user sindir yh,Positive,"[('xiaomi', 'NN'), ('user', 'NN'), ('sindir', 'NN'), ('yh', 'JJ')]",xiaomi user sindir
upgrade iphone kek gua duluoverheat alih xiaomi,Positive,"[('upgrade', 'FW'), ('iphone', 'FW'), ('kek', 'NN'), ('gua', 'CD'), ('duluoverheat', 'NN'), ('alih', 'VB'), ('xiaomi', 'NN')]",kek duluoverheat xiaomi
murah xiaomi sabi sih bin liat udah make,Positive,"[('murah', 'NN'), ('xiaomi', 'NN'), ('sabi', 'NN'), ('sih', 'NN'), ('bin', 'NN'), ('liat', 'NN'), ('udah', 'JJ'), ('make', 'FW')]",murah xiaomi sabi sih bin liat
samsung engga xiaomi ajaaaa,Positive,"[('samsung', 'VB'), ('engga', 'IN'), ('xiaomi', 'NN'), ('ajaaaa', 'NN')]",xiaomi ajaaaa
xiaomi apa gw males lock screen hp pictwittercom,Positive,"[('xiaomi', 'NN'), ('apa', 'WH'), ('gw', 'FW'), ('males', 'FW'), ('lock', 'FW'), ('screen', 'FW'), ('hp', 'FW'), ('pictwittercom', 'FW')]",xiaomi
ok mantab xiaomi qu tunggu shopee nya,Positive,"[('ok', 'NN'), ('mantab', 'NN'), ('xiaomi', 'NN'), ('qu', 'NN'), ('tunggu', 'VB'), ('shopee', 'NN'), ('nya', 'PRP')]",ok mantab xiaomi qu shopee
mending xiaomi yg murah aja nder,Positive,"[('mending', 'NN'), ('xiaomi', 'NN'), ('yg', 'NN'), ('murah', 'JJ'), ('aja', 'NN'), ('nder', 'FW')]",mending xiaomi yg aja
bom kalo yg xiaomi suara cempreng bgt,Negative,"[('bom', 'NN'), ('kalo', 'NN'), ('yg', 'NN'), ('xiaomi', 'NN'), ('suara', 'NN'), ('cempreng', 'NN'), ('bgt', 'FW')]",bom kalo yg xiaomi suara cempreng
xiaomi gue pake lenovo aja bagus kalo pas siang sore dikit jelang malam udah tahan,Positive,"[('xiaomi', 'NN'), ('gue', 'FW'), ('pake', 'FW'), ('lenovo', 'FW'), ('aja', 'NN'), ('bagus', 'JJ'), ('kalo', 'NN'), ('pas', 'NN'), ('siang', 'NN'), ('sore', 'NN'), ('dikit', 'NN'), ('jelang', 'NN'), ('malam', 'NN'), ('udah', 'JJ'), ('tahan', 'NN')]",xiaomi aja kalo pas siang sore dikit jelang malam tahan
klo malem emang amsyong dah kamera kalo cahaya yg oke sih kamera hp xiaomi,Positive,"[('klo', 'NN'), ('malem', 'NN'), ('emang', 'NN'), ('amsyong', 'VB'), ('dah', 'NN'), ('kamera', 'NN'), ('kalo', 'NN'), ('cahaya', 'NN'), ('yg', 'FW'), ('oke', 'FW'), ('sih', 'FW'), ('kamera', 'FW'), ('hp', 'FW'), ('xiaomi', 'NN')]",klo malem emang dah kamera kalo cahaya xiaomi
ken beli hape xiaomi remot tv,Positive,"[('ken', 'NN'), ('beli', 'VB'), ('hape', 'NN'), ('xiaomi', 'NN'), ('remot', 'FW'), ('tv', 'FW')]",ken hape xiaomi
iyaa emang wkwkw night mode hape oppo vivo huawei xiaomi model,Positive,"[('iyaa', 'NN'), ('emang', 'NN'), ('wkwkw', 'FW'), ('night', 'FW'), ('mode', 'FW'), ('hape', 'FW'), ('oppo', 'FW'), ('vivo', 'FW'), ('huawei', 'NN'), ('xiaomi', 'NN'), ('model', 'NN')]",iyaa emang huawei xiaomi model
rhixhxycky walopun hapenya xiaomi tp tetep hot ya,Negative,"[('rhixhxycky', 'FW'), ('walopun', 'SC'), ('hapenya', 'VB'), ('xiaomi', 'NN'), ('tp', 'FW'), ('tetep', 'FW'), ('hot', 'FW'), ('ya', 'UH')]",xiaomi
wkwk gatau kamera kaya gitu xiaomi,Positive,"[('wkwk', 'NN'), ('gatau', 'CC'), ('kamera', 'RB'), ('kaya', 'JJ'), ('gitu', 'SC'), ('xiaomi', 'NN')]",wkwk xiaomi
xiaomi pocophone realme pro kalo image stabilizer mah bagus samsung kalo sih google pixel yg bekaas,Negative,"[('xiaomi', 'NN'), ('pocophone', 'FW'), ('realme', 'FW'), ('pro', 'FW'), ('kalo', 'FW'), ('image', 'FW'), ('stabilizer', 'FW'), ('mah', 'FW'), ('bagus', 'FW'), ('samsung', 'FW'), ('kalo', 'FW'), ('sih', 'FW'), ('google', 'FW'), ('pixel', 'FW'), ('yg', 'FW'), ('bekaas', 'FW')]",xiaomi
one plus xiaomi,Positive,"[('one', 'NN'), ('plus', 'JJ'), ('xiaomi', 'NN')]",one xiaomi
spek xiaomi tu beza oneplus,Positive,"[('spek', 'NN'), ('xiaomi', 'NN'), ('tu', 'NN'), ('beza', 'NN'), ('oneplus', 'JJ')]",spek xiaomi tu beza
iphone samsung xiaomi hah lewattt,Negative,"[('iphone', 'NN'), ('samsung', 'VB'), ('xiaomi', 'NN'), ('hah', 'NN'), ('lewattt', 'FW')]",iphone xiaomi hah
kemresek pake xiaomi,Negative,"[('kemresek', 'NN'), ('pake', 'NN'), ('xiaomi', 'NN')]",kemresek pake xiaomi
iya gmn ya xiaomi mah msh mnding yg jual case bening hp ku case bening ae kg onok anying gmn sih pk case bonus bli hp doang,Positive,"[('iya', 'NN'), ('gmn', 'NN'), ('ya', 'NN'), ('xiaomi', 'NN'), ('mah', 'NN'), ('msh', 'FW'), ('mnding', 'FW'), ('yg', 'FW'), ('jual', 'FW'), ('case', 'FW'), ('bening', 'FW'), ('hp', 'FW'), ('ku', 'FW'), ('case', 'FW'), ('bening', 'FW'), ('ae', 'FW'), ('kg', 'FW'), ('onok', 'FW'), ('anying', 'FW'), ('gmn', 'FW'), ('sih', 'FW'), ('pk', 'FW'), ('case', 'FW'), ('bonus', 'FW'), ('bli', 'FW'), ('hp', 'FW'), ('doang', 'FW')]",iya gmn ya xiaomi mah
pake samsung asus xiaomi mas beda perspektif mas kalo mas pake android enak yaudah,Positive,"[('pake', 'NN'), ('samsung', 'VB'), ('asus', 'NN'), ('xiaomi', 'NN'), ('mas', 'NN'), ('beda', 'VB'), ('perspektif', 'NN'), ('mas', 'NN'), ('kalo', 'FW'), ('mas', 'FW'), ('pake', 'FW'), ('android', 'FW'), ('enak', 'NN'), ('yaudah', 'JJ')]",pake asus xiaomi mas perspektif mas enak
quick ball xiaomi multifungsi banget tau kalo matiin handphone mencet tombol samping biar gak gampang tenggelam gitu tombol bestlah,Positive,"[('quick', 'FW'), ('ball', 'FW'), ('xiaomi', 'NN'), ('multifungsi', 'NN'), ('banget', 'FW'), ('tau', 'FW'), ('kalo', 'FW'), ('matiin', 'FW'), ('handphone', 'FW'), ('mencet', 'FW'), ('tombol', 'FW'), ('samping', 'FW'), ('biar', 'FW'), ('gak', 'NN'), ('gampang', 'NN'), ('tenggelam', 'NN'), ('gitu', 'SC'), ('tombol', 'VB'), ('bestlah', 'NN')]",xiaomi multifungsi gak gampang tenggelam bestlah
cari case xiaomi susah bgt si yg bagus ip oppo,Negative,"[('cari', 'VB'), ('case', 'NN'), ('xiaomi', 'NN'), ('susah', 'NN'), ('bgt', 'FW'), ('si', 'FW'), ('yg', 'FW'), ('bagus', 'FW'), ('ip', 'FW'), ('oppo', 'FW')]",case xiaomi susah
xiaomi mana,Positive,"[('xiaomi', 'NN'), ('mana', 'WH')]",xiaomi
xiaomi note gua udah tahun gk gantung guna org aja lgi,Positive,"[('xiaomi', 'NN'), ('note', 'NN'), ('gua', 'CD'), ('udah', 'NN'), ('tahun', 'NN'), ('gk', 'NN'), ('gantung', 'NN'), ('guna', 'SC'), ('org', 'VB'), ('aja', 'NN'), ('lgi', 'NN')]",xiaomi note udah tahun gk gantung aja lgi
oppo cuman xiaomi,Positive,"[('oppo', 'NN'), ('cuman', 'NN'), ('xiaomi', 'NN')]",oppo cuman xiaomi
ciee xiaomi,Positive,"[('ciee', 'IN'), ('xiaomi', 'NN')]",xiaomi
ehh xiaomi wkwk,Positive,"[('ehh', 'VB'), ('xiaomi', 'NN'), ('wkwk', 'JJ')]",xiaomi
beli kamera cctv xiaomi coba masukin microsdnya kyknya microsdnya retak pdhl beli banget alhasil microsdnya gosong trus lobang microsdnya sumbat,Negative,"[('beli', 'VB'), ('kamera', 'NN'), ('cctv', 'NN'), ('xiaomi', 'NN'), ('coba', 'VB'), ('masukin', 'RB'), ('microsdnya', 'RB'), ('kyknya', 'RB'), ('microsdnya', 'RB'), ('retak', 'VB'), ('pdhl', 'NN'), ('beli', 'VB'), ('banget', 'NN'), ('alhasil', 'NN'), ('microsdnya', 'RB'), ('gosong', 'VB'), ('trus', 'NN'), ('lobang', 'NN'), ('microsdnya', 'RB'), ('sumbat', 'VB')]",kamera cctv xiaomi pdhl banget alhasil trus lobang
pake player nderrr gacuman xiaomi sih oppo,Positive,"[('pake', 'FW'), ('player', 'FW'), ('nderrr', 'FW'), ('gacuman', 'NN'), ('xiaomi', 'NN'), ('sih', 'NN'), ('oppo', 'NNP')]",gacuman xiaomi sih oppo
ga pake xiaomi temen muka jd tirus banget pdhal ga tirus,Negative,"[('ga', 'NN'), ('pake', 'NN'), ('xiaomi', 'NN'), ('temen', 'NN'), ('muka', 'NN'), ('jd', 'FW'), ('tirus', 'FW'), ('banget', 'FW'), ('pdhal', 'FW'), ('ga', 'FW'), ('tirus', 'FW')]",ga pake xiaomi temen muka
xiaomi krn diendorse jeket wkwk lg pake mi udah tp bagus hpnya battery kuat processor ok jarang lag kamera aja display terang worth it kalo skrng mi yg rilis,Positive,"[('xiaomi', 'NN'), ('krn', 'FW'), ('diendorse', 'FW'), ('jeket', 'FW'), ('wkwk', 'FW'), ('lg', 'FW'), ('pake', 'FW'), ('mi', 'FW'), ('udah', 'FW'), ('tp', 'FW'), ('bagus', 'FW'), ('hpnya', 'FW'), ('battery', 'FW'), ('kuat', 'JJ'), ('processor', 'NN'), ('ok', 'NN'), ('jarang', 'NN'), ('lag', 'NN'), ('kamera', 'NN'), ('aja', 'NN'), ('display', 'FW'), ('terang', 'FW'), ('worth', 'FW'), ('it', 'FW'), ('kalo', 'FW'), ('skrng', 'FW'), ('mi', 'FW'), ('yg', 'FW'), ('rilis', 'FW')]",xiaomi processor ok jarang lag kamera aja
jelek bgt kalo foto sun kissed pake xiaomi burek ajg,Negative,"[('jelek', 'NN'), ('bgt', 'FW'), ('kalo', 'FW'), ('foto', 'FW'), ('sun', 'FW'), ('kissed', 'FW'), ('pake', 'FW'), ('xiaomi', 'NN'), ('burek', 'NN'), ('ajg', 'JJ')]",jelek xiaomi burek
engineer nya xiaomi sih ya sampe kalo beli hp android mandangnya cm xiaomi aja,Positive,"[('engineer', 'NN'), ('nya', 'NN'), ('xiaomi', 'NN'), ('sih', 'NN'), ('ya', 'NN'), ('sampe', 'FW'), ('kalo', 'FW'), ('beli', 'VB'), ('hp', 'FW'), ('android', 'FW'), ('mandangnya', 'RB'), ('cm', 'VB'), ('xiaomi', 'NN'), ('aja', 'NN')]",engineer nya xiaomi sih ya xiaomi aja
rpl sorry rl yg pake xiaomi note klo udh lock screen lampu indikator kedip ga,Negative,"[('rpl', 'FW'), ('sorry', 'FW'), ('rl', 'FW'), ('yg', 'FW'), ('pake', 'FW'), ('xiaomi', 'NN'), ('note', 'FW'), ('klo', 'FW'), ('udh', 'FW'), ('lock', 'FW'), ('screen', 'FW'), ('lampu', 'FW'), ('indikator', 'FW'), ('kedip', 'FW'), ('ga', 'FW')]",xiaomi
ak pake iphone pake xiaomi pake samsung ga ubah tetep over hari,Negative,"[('ak', 'FW'), ('pake', 'FW'), ('iphone', 'FW'), ('pake', 'FW'), ('xiaomi', 'NN'), ('pake', 'NN'), ('samsung', 'VB'), ('ga', 'NN'), ('ubah', 'VB'), ('tetep', 'FW'), ('over', 'FW'), ('hari', 'NN')]",xiaomi pake ga hari
nahtuh kalo xiaomi seri bagus,Positive,"[('nahtuh', 'VB'), ('kalo', 'NN'), ('xiaomi', 'NN'), ('seri', 'NN'), ('bagus', 'JJ')]",kalo xiaomi seri
yaampun sygbgt lo pake xiaomi bukansih bukanna micloud ya,Positive,"[('yaampun', 'SC'), ('sygbgt', 'FW'), ('lo', 'FW'), ('pake', 'FW'), ('xiaomi', 'NN'), ('bukansih', 'NN'), ('bukanna', 'NN'), ('micloud', 'NN'), ('ya', 'NN')]",xiaomi bukansih bukanna micloud ya
abis redmi yg harga murah spek xiaomi emang suka gin,Negative,"[('abis', 'NN'), ('redmi', 'NN'), ('yg', 'NN'), ('harga', 'NN'), ('murah', 'JJ'), ('spek', 'NN'), ('xiaomi', 'NN'), ('emang', 'NN'), ('suka', 'VB'), ('gin', 'NN')]",abis redmi yg harga spek xiaomi emang gin
kek gantung brandnya typenya sih gannn ho cina emang ga keluarin headset xiaomiredmi,Negative,"[('kek', 'NN'), ('gantung', 'VB'), ('brandnya', 'RB'), ('typenya', 'RB'), ('sih', 'VB'), ('gannn', 'NN'), ('ho', 'NN'), ('cina', 'NN'), ('emang', 'NN'), ('ga', 'NN'), ('keluarin', 'NN'), ('headset', 'NN'), ('xiaomiredmi', 'NN')]",kek gannn ho cina emang ga keluarin headset xiaomiredmi
xiaomi bgttt niihhh mwhehehe,Positive,"[('xiaomi', 'NN'), ('bgttt', 'FW'), ('niihhh', 'FW'), ('mwhehehe', 'FW')]",xiaomi
hape gw aja xiaomi taek kwkwkwkwkwkk,Negative,"[('hape', 'FW'), ('gw', 'FW'), ('aja', 'NN'), ('xiaomi', 'NN'), ('taek', 'NN'), ('kwkwkwkwkwkk', 'JJ')]",aja xiaomi taek
mending beli xiaomi aja coba cari harga pada,Positive,"[('mending', 'RB'), ('beli', 'VB'), ('xiaomi', 'NN'), ('aja', 'NN'), ('coba', 'VB'), ('cari', 'VB'), ('harga', 'NN'), ('pada', 'IN')]",xiaomi aja harga
pakek hp kalo km taut akun google cr aja playstore google find device tinggal login pake email mu yg taut hp km pakek hp xiaomi pasti km pakek mi akun udah aktif find device buka,Positive,"[('pakek', 'NN'), ('hp', 'FW'), ('kalo', 'FW'), ('km', 'FW'), ('taut', 'FW'), ('akun', 'FW'), ('google', 'FW'), ('cr', 'FW'), ('aja', 'FW'), ('playstore', 'FW'), ('google', 'FW'), ('find', 'FW'), ('device', 'FW'), ('tinggal', 'FW'), ('login', 'FW'), ('pake', 'FW'), ('email', 'FW'), ('mu', 'FW'), ('yg', 'FW'), ('taut', 'FW'), ('hp', 'FW'), ('km', 'FW'), ('pakek', 'FW'), ('hp', 'FW'), ('xiaomi', 'NN'), ('pasti', 'RB'), ('km', 'VB'), ('pakek', 'NN'), ('mi', 'NN'), ('akun', 'NN'), ('udah', 'JJ'), ('aktif', 'JJ'), ('find', 'FW'), ('device', 'FW'), ('buka', 'VB')]",pakek xiaomi pakek mi akun
gaya beli iphone xr duit beli xiaomi oh,Negative,"[('gaya', 'PRP'), ('beli', 'VB'), ('iphone', 'FW'), ('xr', 'FW'), ('duit', 'FW'), ('beli', 'VB'), ('xiaomi', 'NN'), ('oh', 'JJ')]",xiaomi
xiaomi gak,Positive,"[('xiaomi', 'NN'), ('gak', 'NN')]",xiaomi gak
pake xiaomi mayan awet,Positive,"[('pake', 'NN'), ('xiaomi', 'NN'), ('mayan', 'NN'), ('awet', 'NN')]",pake xiaomi mayan awet
xiaomi bagus ka hehe,Positive,"[('xiaomi', 'NN'), ('bagus', 'JJ'), ('ka', 'NN'), ('hehe', 'NNP')]",xiaomi ka hehe
kalo xiaomi screen record wkwkwk,Positive,"[('kalo', 'NN'), ('xiaomi', 'NN'), ('screen', 'NN'), ('record', 'FW'), ('wkwkwk', 'FW')]",kalo xiaomi screen
bgst nanya yg xiaomi mi susah cari sinyal ga semenjak update patch juni,Negative,"[('bgst', 'NN'), ('nanya', 'RB'), ('yg', 'VB'), ('xiaomi', 'NN'), ('mi', 'NN'), ('susah', 'JJ'), ('cari', 'VB'), ('sinyal', 'NN'), ('ga', 'NN'), ('semenjak', 'NN'), ('update', 'FW'), ('patch', 'FW'), ('juni', 'PR')]",bgst xiaomi mi sinyal ga semenjak
hp gitu xiaomi ga sampe konter ku cari google alhamdulillah tau bootlop nder kalo bootlop gausah konter sayang uang,Negative,"[('hp', 'NN'), ('gitu', 'SC'), ('xiaomi', 'NN'), ('ga', 'NN'), ('sampe', 'FW'), ('konter', 'FW'), ('ku', 'FW'), ('cari', 'FW'), ('google', 'FW'), ('alhamdulillah', 'FW'), ('tau', 'FW'), ('bootlop', 'FW'), ('nder', 'FW'), ('kalo', 'FW'), ('bootlop', 'FW'), ('gausah', 'VB'), ('konter', 'NN'), ('sayang', 'NN'), ('uang', 'NN')]",hp xiaomi ga konter sayang uang
kalo xiaomi note yg ga finger print jarang bgt,Positive,"[('kalo', 'NN'), ('xiaomi', 'NN'), ('note', 'FW'), ('yg', 'FW'), ('ga', 'FW'), ('finger', 'FW'), ('print', 'FW'), ('jarang', 'FW'), ('bgt', 'FW')]",kalo xiaomi
